Table_Name,Num_Columns,Num_PKs,Table_Type,Num_Numeric,Num_Text,Num_Date,Pct_Numeric,Pct_Text,Pct_Date,PK_Ratio,Has_Code_Prefix,Has_Measure_Prefix,Num_Key_Like,Num_Measure_Like
AUTC_EAI,44,4,1,5,24,15,0.11363636363636363,0.5454545454545454,0.3409090909090909,0.09090909090909091,0,0,27,0
AUTR_TRADE,36,5,0,10,23,3,0.2777777777777778,0.6388888888888888,0.08333333333333333,0.1388888888888889,0,0,24,1
AVNN_MODF_CRDT,19,3,1,2,7,10,0.10526315789473684,0.3684210526315789,0.5263157894736842,0.15789473684210525,0,0,7,2
BARM_FIXE_AVR_COND_TRCH,8,5,0,2,4,2,0.25,0.5,0.25,0.625,0,0,5,1
BARM_PRPS_AVR_COND_TRCH,8,5,0,2,4,2,0.25,0.5,0.25,0.625,0,0,5,1
BARM_TARF,19,4,0,10,6,3,0.5263157894736842,0.3157894736842105,0.15789473684210525,0.21052631578947367,0,0,7,7
BARM_TARF_DIFF_MARC,33,9,0,26,4,3,0.7878787878787878,0.12121212121212122,0.09090909090909091,0.2727272727272727,0,0,5,7
BCG_CRNC_GARN_QUOT,44,4,1,19,19,6,0.4318181818181818,0.4318181818181818,0.13636363636363635,0.09090909090909091,0,0,19,6
BCG_ESTM_OBJT_GARN_QUOT,29,5,1,10,13,6,0.3448275862068966,0.4482758620689655,0.20689655172413793,0.1724137931034483,0,0,13,8
BCG_FRCT_CRNC_GARN_QUOT,30,5,1,13,14,3,0.43333333333333335,0.4666666666666667,0.1,0.16666666666666666,0,0,13,6
BCG_GARN_COUV_CRNC_QUOT,22,5,1,9,8,5,0.4090909090909091,0.36363636363636365,0.22727272727272727,0.22727272727272727,0,0,9,5
BCG_GARN_COUV_FRCT_QUOT,24,5,1,11,8,5,0.4583333333333333,0.3333333333333333,0.20833333333333334,0.20833333333333334,0,0,11,5
BCG_GARN_QUOT,71,4,1,12,46,13,0.16901408450704225,0.647887323943662,0.18309859154929578,0.056338028169014086,0,0,50,6
BCG_LTV,18,3,1,7,9,2,0.3888888888888889,0.5,0.1111111111111111,0.16666666666666666,0,0,13,2
BCG_OBJT_BIEN_IMMO_QUOT,35,4,1,6,24,5,0.17142857142857143,0.6857142857142857,0.14285714285714285,0.11428571428571428,0,0,24,2
BCG_PIST_AUDT_LTV,33,4,1,18,14,1,0.5454545454545454,0.42424242424242425,0.030303030303030304,0.12121212121212122,0,0,18,14
BNUS_PRET_IMPC,10,5,1,4,6,0,0.4,0.6,0.0,0.5,0,0,7,1
BPCE_RETR_RFT_DONN_GRN,11,5,1,3,7,1,0.2727272727272727,0.6363636363636364,0.09090909090909091,0.45454545454545453,0,0,6,0
BPCE_RETR_RFT_QUOT,111,5,1,4,91,16,0.036036036036036036,0.8198198198198198,0.14414414414414414,0.04504504504504504,0,0,93,0
BRNC_ACTV_QUOT,8,5,1,2,4,2,0.25,0.5,0.25,0.625,0,0,4,0
CLNT_CONF,11,7,1,2,6,3,0.18181818181818182,0.5454545454545454,0.2727272727272727,0.6363636363636364,0,0,6,1
CLNT_MARQ_GP,8,2,0,0,6,2,0.0,0.75,0.25,0.25,0,0,6,0
CLNT_MARQ_PRO,5,2,0,0,3,2,0.0,0.6,0.4,0.4,0,0,4,0
CODEVI,27,5,1,15,9,3,0.5555555555555556,0.3333333333333333,0.1111111111111111,0.18518518518518517,0,0,8,9
CODE_ACCR_CLNT_SALS,3,2,0,0,3,0,0.0,1.0,0.0,0.6666666666666666,1,0,2,0
CODE_ACCR_ETAB_SALS,3,2,0,0,3,0,0.0,1.0,0.0,0.6666666666666666,1,0,2,0
CODE_ACCS_RECP_SALS,3,2,0,0,3,0,0.0,1.0,0.0,0.6666666666666666,1,0,2,0
CODE_ACTN_CONCR_DEFI,2,1,0,0,2,0,0.0,1.0,0.0,0.5,1,0,2,0
CODE_ACTV_PRNC_ETAB,6,2,0,0,4,2,0.0,0.6666666666666666,0.3333333333333333,0.3333333333333333,1,0,5,0
CODE_ANO_FICB,3,2,0,0,3,0,0.0,1.0,0.0,0.6666666666666666,1,0,2,0
CODE_AVIS_DECS_DEFI,3,2,0,0,3,0,0.0,1.0,0.0,0.6666666666666666,1,0,2,0
CODE_AVIS_MEDT_SALS,3,2,0,0,3,0,0.0,1.0,0.0,0.6666666666666666,1,0,2,0
CODE_AVNC_DEMN_DEFI,3,2,0,0,3,0,0.0,1.0,0.0,0.6666666666666666,1,0,2,0
CODE_BARM_TOC,11,3,0,0,10,1,0.0,0.9090909090909091,0.09090909090909091,0.2727272727272727,1,0,9,0
CODE_CANL_ORIG_PRPS,5,2,0,0,3,2,0.0,0.6,0.4,0.4,1,0,4,0
CODE_CATG_JURD,5,2,0,0,5,0,0.0,1.0,0.0,0.4,1,0,4,0
CODE_CAUS_DYSF_SALS,3,2,0,0,3,0,0.0,1.0,0.0,0.6666666666666666,1,0,2,0
CODE_CLSS_EVNM,3,2,0,1,2,0,0.3333333333333333,0.6666666666666666,0.0,0.6666666666666666,1,1,2,0
CODE_CONT_TRVL_CLNT,3,2,0,0,3,0,0.0,1.0,0.0,0.6666666666666666,1,0,2,0
CODE_COUL_TOP_CC,3,2,0,0,3,0,0.0,1.0,0.0,0.6666666666666666,1,0,2,0
CODE_CSP,3,2,0,0,3,0,0.0,1.0,0.0,0.6666666666666666,1,0,2,0
CODE_DEGR_SENS_PERS,3,2,0,0,3,0,0.0,1.0,0.0,0.6666666666666666,1,0,2,0
CODE_DEVS,3,2,0,0,3,0,0.0,1.0,0.0,0.6666666666666666,1,0,2,0
CODE_DYSF_SALS,3,2,0,0,3,0,0.0,1.0,0.0,0.6666666666666666,1,0,2,0
CODE_ETAT_DEMN_DEFI,4,2,0,0,4,0,0.0,1.0,0.0,0.5,1,0,2,1
CODE_ETAT_ENTT_CLNT,3,2,0,0,3,0,0.0,1.0,0.0,0.6666666666666666,1,0,2,0
CODE_EVNM_AQRL,3,2,0,0,3,0,0.0,1.0,0.0,0.6666666666666666,1,1,2,0
CODE_EVNM_BPCE,5,2,0,0,3,2,0.0,0.6,0.4,0.4,1,1,4,0
CODE_EVNM_CCLI,6,4,0,0,4,2,0.0,0.6666666666666666,0.3333333333333333,0.6666666666666666,1,1,3,0
CODE_EXTN_CORR_CODE_INTE,4,3,0,1,3,0,0.25,0.75,0.0,0.75,1,0,3,0
CODE_FAML_APE,3,2,0,0,3,0,0.0,1.0,0.0,0.6666666666666666,1,0,2,0
CODE_FAML_CATG_JURD,3,2,0,0,3,0,0.0,1.0,0.0,0.6666666666666666,1,0,2,0
CODE_FAML_MOTF_AQRL,5,3,0,0,5,0,0.0,1.0,0.0,0.6,1,0,4,0
CODE_FAML_PRDT_AQRL,7,4,0,0,7,0,0.0,1.0,0.0,0.5714285714285714,1,0,6,0
CODE_FAML_SEGM_BAFI,3,2,0,0,3,0,0.0,1.0,0.0,0.6666666666666666,1,0,2,0
CODE_FORM_JURD,5,2,0,0,5,0,0.0,1.0,0.0,0.4,1,0,4,0
CODE_IDNT_SUPP,5,2,0,0,3,2,0.0,0.6,0.4,0.4,1,0,4,0
CODE_LEAD_ESPC_ENTRP,3,2,0,0,3,0,0.0,1.0,0.0,0.6666666666666666,1,0,2,0
CODE_MAJ_INTR_UNVR,3,2,0,0,3,0,0.0,1.0,0.0,0.6666666666666666,1,0,2,0
CODE_MED_AQRL,3,2,0,0,3,0,0.0,1.0,0.0,0.6666666666666666,1,0,2,0
CODE_METH_CALC,3,2,0,0,3,0,0.0,1.0,0.0,0.6666666666666666,1,0,2,0
CODE_MODF,5,3,0,1,2,2,0.2,0.4,0.4,0.6,1,0,2,0
CODE_MOTF_CLTR,4,2,0,0,4,0,0.0,1.0,0.0,0.5,1,0,3,0
CODE_MOTF_DERG_TOC,11,3,0,1,9,1,0.09090909090909091,0.8181818181818182,0.09090909090909091,0.2727272727272727,1,0,8,1
CODE_MOTF_NER,7,2,0,0,5,2,0.0,0.7142857142857143,0.2857142857142857,0.2857142857142857,1,0,4,0
CODE_MOTF_SCR,3,2,0,0,3,0,0.0,1.0,0.0,0.6666666666666666,1,0,2,0
CODE_NAF_REV2,5,2,0,0,3,2,0.0,0.6,0.4,0.4,1,0,4,0
CODE_NATR_CPTE_FICB,3,2,0,0,3,0,0.0,1.0,0.0,0.6666666666666666,1,0,2,0
CODE_NATR_DEDM_AQRL,4,3,0,0,4,0,0.0,1.0,0.0,0.75,1,0,3,0
CODE_NATR_FLUX_SERV,3,2,0,0,3,0,0.0,1.0,0.0,0.6666666666666666,1,1,2,0
CODE_NATR_INDM_SALS,3,2,0,0,3,0,0.0,1.0,0.0,0.6666666666666666,1,0,2,0
CODE_NATR_JUST_CCLI,7,4,0,0,4,3,0.0,0.5714285714285714,0.42857142857142855,0.5714285714285714,1,0,3,0
CODE_NATR_PROJ,5,2,0,0,3,2,0.0,0.6,0.4,0.4,1,0,4,0
CODE_NIV_MOTF,3,2,0,0,3,0,0.0,1.0,0.0,0.6666666666666666,1,0,2,0
CODE_NIV_RISQ_INVS,5,2,0,0,3,2,0.0,0.6,0.4,0.4,1,0,4,0
CODE_OPRT_FICB,3,2,0,0,3,0,0.0,1.0,0.0,0.6666666666666666,1,0,2,0
CODE_OPRT_PRGR,5,2,0,0,3,2,0.0,0.6,0.4,0.4,1,0,4,0
CODE_ORIG_RECL_SALS,3,2,0,0,3,0,0.0,1.0,0.0,0.6666666666666666,1,0,2,0
CODE_PERM_RECL_SALS,3,2,0,0,3,0,0.0,1.0,0.0,0.6666666666666666,1,0,2,0
CODE_PERS_JURD,3,2,0,0,3,0,0.0,1.0,0.0,0.6666666666666666,1,0,2,0
CODE_PORT_INCD_FICB,3,2,0,0,3,0,0.0,1.0,0.0,0.6666666666666666,1,0,2,0
CODE_POS_AVNT_MEDT_SALS,3,2,0,0,3,0,0.0,1.0,0.0,0.6666666666666666,1,0,2,0
CODE_POS_CAIS_AQRL,4,3,0,0,4,0,0.0,1.0,0.0,0.75,1,0,3,0
CODE_POS_ETAB_SALS,3,2,0,0,3,0,0.0,1.0,0.0,0.6666666666666666,1,0,2,0
CODE_PRFL_CLNT_TOC,21,4,0,3,14,4,0.14285714285714285,0.6666666666666666,0.19047619047619047,0.19047619047619047,1,0,13,0
CODE_PRMT_TOC,13,3,0,3,10,0,0.23076923076923078,0.7692307692307693,0.0,0.23076923076923078,1,0,9,0
CODE_PROC_JUDC_SALS,3,2,0,0,3,0,0.0,1.0,0.0,0.6666666666666666,1,0,2,0
CODE_PROV_RECL_SALS,3,2,0,0,3,0,0.0,1.0,0.0,0.6666666666666666,1,0,2,0
CODE_PRST_TARF,10,2,0,1,9,0,0.1,0.9,0.0,0.2,1,0,8,0
CODE_RECL_CRTN_SALS,3,2,0,0,3,0,0.0,1.0,0.0,0.6666666666666666,1,0,2,0
CODE_RECL_TRT_SALS,3,2,0,0,3,0,0.0,1.0,0.0,0.6666666666666666,1,0,2,0
CODE_RECP_AQRL,3,2,0,0,3,0,0.0,1.0,0.0,0.6666666666666666,1,0,2,0
CODE_REGL_ASPR,14,8,0,0,11,3,0.0,0.7857142857142857,0.21428571428571427,0.5714285714285714,1,0,12,0
CODE_REGL_PRPG,15,9,0,0,12,3,0.0,0.8,0.2,0.6,1,0,13,0
CODE_REJT_ALLER_BDF,6,4,0,0,6,0,0.0,1.0,0.0,0.6666666666666666,1,0,5,0
CODE_REJT_RETR_BDF,6,4,0,0,6,0,0.0,1.0,0.0,0.6666666666666666,1,0,5,0
CODE_SEGM_BAFI,5,2,0,0,5,0,0.0,1.0,0.0,0.4,1,0,4,0
CODE_SERV_RECL_SOLL_SALS,3,2,0,0,3,0,0.0,1.0,0.0,0.6666666666666666,1,0,2,0
CODE_SITT_COMP_DOSS,3,2,0,0,3,0,0.0,1.0,0.0,0.6666666666666666,1,0,2,0
CODE_STTT_AQRL,3,2,0,0,3,0,0.0,1.0,0.0,0.6666666666666666,1,0,2,0
CODE_STTT_LEAD,3,2,0,1,2,0,0.3333333333333333,0.6666666666666666,0.0,0.6666666666666666,1,0,2,0
CODE_STTT_LEAD_EERD,3,2,0,0,3,0,0.0,1.0,0.0,0.6666666666666666,1,0,2,0
CODE_STTT_SALS,3,2,0,0,3,0,0.0,1.0,0.0,0.6666666666666666,1,0,2,0
CODE_TRT_AQRL,3,2,0,0,3,0,0.0,1.0,0.0,0.6666666666666666,1,0,2,0
CODE_TYPE_AIDE_PRPR_ENTN,3,2,0,0,3,0,0.0,1.0,0.0,0.6666666666666666,1,0,2,0
CODE_TYPE_APPAR_RES,5,2,0,0,3,2,0.0,0.6,0.4,0.4,1,0,4,0
CODE_TYPE_APPL_COND,3,2,0,0,3,0,0.0,1.0,0.0,0.6666666666666666,1,0,2,0
CODE_TYPE_ARTC_FICB,3,2,0,0,3,0,0.0,1.0,0.0,0.6666666666666666,1,0,2,0
CODE_TYPE_CAPC_JURD,5,2,0,0,3,2,0.0,0.6,0.4,0.4,1,0,4,0
CODE_TYPE_COTT_AGNC,4,3,0,0,4,0,0.0,1.0,0.0,0.75,1,0,3,0
CODE_TYPE_COTT_COFACE,3,2,0,0,3,0,0.0,1.0,0.0,0.6666666666666666,1,0,2,0
CODE_TYPE_COTT_FIBEN_DIRG,3,2,0,0,3,0,0.0,1.0,0.0,0.6666666666666666,1,0,2,0
CODE_TYPE_CPTE_FICB,3,2,0,0,3,0,0.0,1.0,0.0,0.6666666666666666,1,0,2,0
CODE_TYPE_DEPT,3,2,0,0,3,0,0.0,1.0,0.0,0.6666666666666666,1,0,2,0
CODE_TYPE_DESG_PERS,5,2,0,0,3,2,0.0,0.6,0.4,0.4,1,0,4,0
CODE_TYPE_DOCM_CCLI,7,4,0,0,5,2,0.0,0.7142857142857143,0.2857142857142857,0.5714285714285714,1,0,4,0
CODE_TYPE_DOSS_CCLI,19,4,0,1,14,4,0.05263157894736842,0.7368421052631579,0.21052631578947367,0.21052631578947367,1,0,14,0
CODE_TYPE_ETAP_DEFI,3,2,0,0,3,0,0.0,1.0,0.0,0.6666666666666666,1,0,2,0
CODE_TYPE_EVNM,6,2,0,2,3,1,0.3333333333333333,0.5,0.16666666666666666,0.3333333333333333,1,1,3,0
CODE_TYPE_EXTO,3,2,0,0,3,0,0.0,1.0,0.0,0.6666666666666666,1,0,2,0
CODE_TYPE_FAML_COTT_AGNC,3,2,0,0,3,0,0.0,1.0,0.0,0.6666666666666666,1,0,2,0
CODE_TYPE_GARN_DEFI,3,2,0,0,3,0,0.0,1.0,0.0,0.6666666666666666,1,0,2,0
CODE_TYPE_GARN_GCE,3,2,0,0,3,0,0.0,1.0,0.0,0.6666666666666666,1,0,2,0
CODE_TYPE_INTT,3,2,0,0,3,0,0.0,1.0,0.0,0.6666666666666666,1,0,2,0
CODE_TYPE_LANG_COMN,5,2,0,0,3,2,0.0,0.6,0.4,0.4,1,0,4,0
CODE_TYPE_MEDT_SALS,3,2,0,0,3,0,0.0,1.0,0.0,0.6666666666666666,1,0,2,0
CODE_TYPE_MOTF_DERG,3,2,0,0,3,0,0.0,1.0,0.0,0.6666666666666666,1,0,2,0
CODE_TYPE_NATR_COND,3,2,0,0,3,0,0.0,1.0,0.0,0.6666666666666666,1,0,2,0
CODE_TYPE_RECL_SALS,3,2,0,0,3,0,0.0,1.0,0.0,0.6666666666666666,1,0,2,0
CODE_TYPE_REGM_FISC,5,2,0,0,3,2,0.0,0.6,0.4,0.4,1,0,4,0
CODE_TYPE_REGM_MATR,5,2,0,0,3,2,0.0,0.6,0.4,0.4,1,0,4,0
CODE_TYPE_REGS,5,2,0,0,3,2,0.0,0.6,0.4,0.4,1,0,4,0
CODE_TYPE_REVS_ANNU,3,2,0,0,3,0,0.0,1.0,0.0,0.6666666666666666,1,0,2,0
CODE_TYPE_SITT_FAML,5,2,0,0,3,2,0.0,0.6,0.4,0.4,1,0,2,0
CODE_TYPE_SITT_JURD,5,2,0,0,3,2,0.0,0.6,0.4,0.4,1,0,4,0
COFF_FORT_NUMQ,16,3,1,1,12,3,0.0625,0.75,0.1875,0.1875,0,0,14,0
COMM_TRADE,28,15,0,12,13,3,0.42857142857142855,0.4642857142857143,0.10714285714285714,0.5357142857142857,0,0,19,4
COND_NEGC_TARF,14,4,0,6,5,3,0.42857142857142855,0.35714285714285715,0.21428571428571427,0.2857142857142857,0,0,6,0
COND_PART_TARF,11,4,0,2,6,3,0.18181818181818182,0.5454545454545454,0.2727272727272727,0.36363636363636365,0,0,7,1
COND_SPCF_TARF,9,3,0,0,9,0,0.0,1.0,0.0,0.3333333333333333,0,0,8,0
CONS_BDF,31,8,1,7,22,2,0.22580645161290322,0.7096774193548387,0.06451612903225806,0.25806451612903225,0,0,23,2
CONT_TRADE,23,5,1,6,14,3,0.2608695652173913,0.6086956521739131,0.13043478260869565,0.21739130434782608,0,0,15,2
COTE_FIBEN_ENTRP_ACTV,3,2,0,0,3,0,0.0,1.0,0.0,0.6666666666666666,0,0,2,0
COTE_FIBEN_ENTRP_CRDT,3,2,0,0,3,0,0.0,1.0,0.0,0.6666666666666666,0,0,2,0
CRE_ALRT_DRC_1,20,8,1,4,11,5,0.2,0.55,0.25,0.4,0,0,14,0
CRE_COFF_FORT_NUMQ,17,5,1,1,12,4,0.058823529411764705,0.7058823529411765,0.23529411764705882,0.29411764705882354,0,0,14,0
CRE_DETL_GEST_LTI,37,3,1,7,27,3,0.1891891891891892,0.7297297297297297,0.08108108108108109,0.08108108108108109,0,0,28,6
CRE_DETL_TRADE_AUTR,160,4,0,44,96,20,0.275,0.6,0.125,0.025,0,0,96,32
CRE_DRC_NUMR,43,4,1,3,31,9,0.06976744186046512,0.7209302325581395,0.20930232558139536,0.09302325581395349,0,0,28,0
CRE_PIEC_NUMR,59,5,1,9,34,16,0.15254237288135594,0.576271186440678,0.2711864406779661,0.0847457627118644,0,0,43,0
CRS_TITR_FRCT_TRTR,65,5,1,36,19,10,0.5538461538461539,0.2923076923076923,0.15384615384615385,0.07692307692307693,0,0,21,16
CSP_AFFC_PART,5,0,1,1,3,1,0.2,0.6,0.2,0.0,0,0,3,0
DEFIMMO_MULT_INDC,10,5,1,6,4,0,0.6,0.4,0.0,0.5,0,0,6,0
DEFI_ACTR,10,3,1,0,10,0,0.0,1.0,0.0,0.3,0,0,4,0
DEFI_ASSO_CONC_GARN_MENS,6,5,1,0,5,1,0.0,0.8333333333333334,0.16666666666666666,0.8333333333333334,0,0,4,0
DEFI_ASSO_CONC_GARN_QUOT,7,5,1,0,5,2,0.0,0.7142857142857143,0.2857142857142857,0.7142857142857143,0,0,4,0
DEFI_CONCR,46,4,1,14,28,4,0.30434782608695654,0.6086956521739131,0.08695652173913043,0.08695652173913043,0,0,30,11
DEFI_CONCR_QUOT,74,5,1,19,46,9,0.25675675675675674,0.6216216216216216,0.12162162162162163,0.06756756756756757,0,0,49,12
DEFI_DEMN,22,3,1,2,13,7,0.09090909090909091,0.5909090909090909,0.3181818181818182,0.13636363636363635,0,0,13,0
DEFI_DEMN_QUOT,23,4,1,1,14,8,0.043478260869565216,0.6086956521739131,0.34782608695652173,0.17391304347826086,0,0,14,0
DEFI_ETAP,15,4,0,0,12,3,0.0,0.8,0.2,0.26666666666666666,0,0,10,0
DEFI_ETAP_QUOT,16,5,0,0,12,4,0.0,0.75,0.25,0.3125,0,0,11,0
DEFI_GARN,16,4,0,1,13,2,0.0625,0.8125,0.125,0.25,0,0,9,3
DEFI_GARN_QUOT,17,5,1,1,13,3,0.058823529411764705,0.7647058823529411,0.17647058823529413,0.29411764705882354,0,0,12,3
DEFI_JUST_CONC_QUOT,23,6,1,0,20,3,0.0,0.8695652173913043,0.13043478260869565,0.2608695652173913,0,0,19,0
DEFI_PERS,24,5,1,7,14,3,0.2916666666666667,0.5833333333333334,0.125,0.20833333333333334,0,0,13,3
DEFMO_BANQ_PART_QUOT,15,7,1,5,7,3,0.3333333333333333,0.4666666666666667,0.2,0.4666666666666667,0,0,9,0
DEFMO_BIEN_FINN_QUOT,36,7,1,17,16,3,0.4722222222222222,0.4444444444444444,0.08333333333333333,0.19444444444444445,0,0,18,8
DEFMO_BUDG_QUOT,19,8,1,8,8,3,0.42105263157894735,0.42105263157894735,0.15789473684210525,0.42105263157894735,0,0,11,3
DEFMO_COMM_QUOT,17,6,1,8,6,3,0.47058823529411764,0.35294117647058826,0.17647058823529413,0.35294117647058826,0,0,7,2
DEFMO_CONC_QUOT,72,7,1,27,35,10,0.375,0.4861111111111111,0.1388888888888889,0.09722222222222222,0,0,38,8
DEFMO_DECS_CONC_QUOT,20,6,1,3,10,7,0.15,0.5,0.35,0.3,0,0,12,0
DEFMO_DECS_OPRT_QUOT,32,7,1,4,14,14,0.125,0.4375,0.4375,0.21875,0,0,17,1
DEFMO_GARN_QUOT,24,6,1,8,12,4,0.3333333333333333,0.5,0.16666666666666666,0.25,0,0,16,2
DEFMO_MULT_INDC_QUOT,13,6,1,6,4,3,0.46153846153846156,0.3076923076923077,0.23076923076923078,0.46153846153846156,0,0,6,0
DEFMO_OPRT_QUOT,116,6,1,76,35,5,0.6551724137931034,0.3017241379310345,0.04310344827586207,0.05172413793103448,0,0,38,57
DEFMO_POOL_QUOT,18,6,1,8,4,6,0.4444444444444444,0.2222222222222222,0.3333333333333333,0.3333333333333333,0,0,5,6
DETL_RPA_HIST,16,4,1,5,9,2,0.3125,0.5625,0.125,0.25,0,0,10,1
DETL_TYPE_EVNM,7,3,0,3,4,0,0.42857142857142855,0.5714285714285714,0.0,0.42857142857142855,0,1,4,0
DIGT_ASSR_IARD,3,2,0,0,3,0,0.0,1.0,0.0,0.6666666666666666,0,0,2,0
DIGT_CANL_SELF,3,2,0,0,3,0,0.0,1.0,0.0,0.6666666666666666,0,0,2,0
DIGT_CANL_SOUS,3,2,0,0,3,0,0.0,1.0,0.0,0.6666666666666666,0,0,2,0
DIGT_CANL_VENT,3,2,0,0,3,0,0.0,1.0,0.0,0.6666666666666666,0,0,2,0
DIGT_CLNT_PRSP,3,2,0,0,3,0,0.0,1.0,0.0,0.6666666666666666,0,0,2,0
DIGT_COLL_CLNT,3,2,0,0,3,0,0.0,1.0,0.0,0.6666666666666666,0,0,2,0
DIGT_FAML_TERML,3,2,0,0,3,0,0.0,1.0,0.0,0.6666666666666666,0,0,2,0
DIGT_INIT,3,2,0,0,3,0,0.0,1.0,0.0,0.6666666666666666,0,0,2,0
DIGT_OS,3,2,0,0,3,0,0.0,1.0,0.0,0.6666666666666666,0,0,2,0
DIGT_SEGM,4,3,0,0,4,0,0.0,1.0,0.0,0.75,0,0,3,0
DIGT_TECH,3,2,0,0,3,0,0.0,1.0,0.0,0.6666666666666666,0,0,2,0
DIGT_TYPE_MARC,3,2,0,0,3,0,0.0,1.0,0.0,0.6666666666666666,0,0,2,0
DIGT_TYPE_PERS,3,2,0,0,3,0,0.0,1.0,0.0,0.6666666666666666,0,0,2,0
DOCM_CCLI_QUOT,27,6,1,4,15,8,0.14814814814814814,0.5555555555555556,0.2962962962962963,0.2222222222222222,0,0,16,0
DOCM_PERS,13,5,1,3,9,1,0.23076923076923078,0.6923076923076923,0.07692307692307693,0.38461538461538464,0,0,10,0
DONN_COMP_PRST,23,4,1,1,17,4,0.043478260869565216,0.7391304347826086,0.17391304347826086,0.17391304347826086,0,0,16,1
DOSS_CIBL,13,4,1,4,9,0,0.3076923076923077,0.6923076923076923,0.0,0.3076923076923077,0,0,9,0
DOSS_CONT_NUMR_DELT,40,3,1,4,30,6,0.1,0.75,0.15,0.075,0,0,30,0
DOSS_DRC_NUMR_DELT,37,3,1,3,28,6,0.08108108108108109,0.7567567567567568,0.16216216216216217,0.08108108108108109,0,0,24,0
DOSS_SUPP,3,3,1,1,2,0,0.3333333333333333,0.6666666666666666,0.0,1.0,0,0,2,0
DPLT_CANAL_DISTRIBUTION,2,1,0,0,2,0,0.0,1.0,0.0,0.5,0,0,1,0
DPLT_CATG_EMPR_CRDT,2,1,0,0,2,0,0.0,1.0,0.0,0.5,0,0,2,0
DPLT_CODE_ACTV_PRINC_ETAB,2,1,0,0,2,0,0.0,1.0,0.0,0.5,0,0,2,0
DPLT_CODE_ANNULATION,2,1,0,0,2,0,0.0,1.0,0.0,0.5,0,0,2,0
DPLT_CODE_BAFI,3,1,0,0,3,0,0.0,1.0,0.0,0.3333333333333333,0,0,3,0
DPLT_CODE_CATEG_JURD,2,1,0,0,2,0,0.0,1.0,0.0,0.5,0,0,2,0
DPLT_CODE_CATEG_SIT,2,1,0,0,2,0,0.0,1.0,0.0,0.5,0,0,2,0
DPLT_CODE_CLASSE_BAFI,2,1,0,0,2,0,0.0,1.0,0.0,0.5,0,0,2,0
DPLT_CODE_ETAPE_CREDIT,2,1,0,0,2,0,0.0,1.0,0.0,0.5,0,0,2,0
DPLT_CODE_FAMILLE_CREDIT,2,1,0,0,2,0,0.0,1.0,0.0,0.5,0,0,2,0
DPLT_CODE_GESTION_COMPTE,2,1,0,0,2,0,0.0,1.0,0.0,0.5,0,0,2,0
DPLT_CODE_IDT_PRDT_CREDIT,50,2,0,9,35,6,0.18,0.7,0.12,0.04,0,0,34,5
DPLT_CODE_MODE_CALC_AMRT,2,1,0,0,2,0,0.0,1.0,0.0,0.5,0,0,1,0
DPLT_CODE_MONN_ORGN_OPRT,2,1,0,0,2,0,0.0,1.0,0.0,0.5,0,0,2,0
DPLT_CODE_MOTF_EXNR,3,1,0,0,3,0,0.0,1.0,0.0,0.3333333333333333,0,0,3,0
DPLT_CODE_MOTF_NEGC,3,1,0,0,3,0,0.0,1.0,0.0,0.3333333333333333,0,0,3,0
DPLT_CODE_MOTF_PRRT,3,1,0,0,3,0,0.0,1.0,0.0,0.3333333333333333,0,0,3,0
DPLT_CODE_MOTF_REJT_INTER,3,2,0,0,3,0,0.0,1.0,0.0,0.6666666666666666,0,0,3,0
DPLT_CODE_MOTIF_REJT,3,1,0,0,3,0,0.0,1.0,0.0,0.3333333333333333,0,0,3,0
DPLT_CODE_OPERATION,2,1,0,0,2,0,0.0,1.0,0.0,0.5,0,0,2,0
DPLT_CODE_PRDT,3,1,0,0,3,0,0.0,1.0,0.0,0.3333333333333333,0,0,2,0
DPLT_CODE_PRDT_SUPP,3,0,0,0,3,0,0.0,1.0,0.0,0.0,0,0,2,0
DPLT_CODE_PRSN_ECHN,2,1,0,0,2,0,0.0,1.0,0.0,0.5,0,0,2,0
DPLT_CODE_REAM,2,1,0,0,2,0,0.0,1.0,0.0,0.5,0,0,2,0
DPLT_CODE_SEGM_COMP,3,1,0,0,3,0,0.0,1.0,0.0,0.3333333333333333,0,0,3,0
DPLT_CODE_SEGM_MARC,3,1,0,0,3,0,0.0,1.0,0.0,0.3333333333333333,0,0,3,0
DPLT_CODE_SEGM_NATN,3,1,0,0,3,0,0.0,1.0,0.0,0.3333333333333333,0,0,3,0
DPLT_CODE_SEGM_REGN,3,1,0,0,3,0,0.0,1.0,0.0,0.3333333333333333,0,0,3,0
DPLT_CODE_SOUS_CODE_PRDT,3,2,0,0,3,0,0.0,1.0,0.0,0.6666666666666666,0,0,3,0
DPLT_CODE_TAUX,2,1,0,0,2,0,0.0,1.0,0.0,0.5,0,0,2,0
DPLT_CODE_TYPE_APPR_RESE,2,1,0,0,2,0,0.0,1.0,0.0,0.5,0,0,2,0
DPLT_CODE_TYPE_USAGE,2,0,0,0,2,0,0.0,1.0,0.0,0.0,0,0,2,0
DPLT_CONVENTION,26,1,0,5,19,2,0.19230769230769232,0.7307692307692307,0.07692307692307693,0.038461538461538464,0,0,18,1
DPLT_DIMENSION_EDS,62,3,0,30,31,1,0.4838709677419355,0.5,0.016129032258064516,0.04838709677419355,0,0,33,14
DPLT_DIM_TEMPS_MENS,7,1,0,0,7,0,0.0,1.0,0.0,0.14285714285714285,0,0,3,0
DPLT_EDS_BO,62,0,0,30,31,1,0.4838709677419355,0.5,0.016129032258064516,0.0,0,0,33,14
DPLT_EDS_DECS,62,0,0,30,31,1,0.4838709677419355,0.5,0.016129032258064516,0.0,0,0,33,14
DPLT_EDS_DOMC,62,0,0,30,31,1,0.4838709677419355,0.5,0.016129032258064516,0.0,0,0,33,14
DPLT_EDS_REJT,62,0,0,30,31,1,0.4838709677419355,0.5,0.016129032258064516,0.0,0,0,33,14
DPLT_FAITS_OPERATIONS,50,15,1,22,26,2,0.44,0.52,0.04,0.3,0,0,25,1
DPLT_FAITS_TARIF,60,16,1,25,32,3,0.4166666666666667,0.5333333333333333,0.05,0.26666666666666666,0,0,39,2
DPLT_FAITS_TARIF_QUOT,65,20,1,24,37,4,0.36923076923076925,0.5692307692307692,0.06153846153846154,0.3076923076923077,0,0,42,2
DPLT_MODE_FINANCIER,2,1,0,0,2,0,0.0,1.0,0.0,0.5,0,0,1,0
DPLT_PERD,2,1,0,0,2,0,0.0,1.0,0.0,0.5,0,0,1,0
DPLT_PERD_MER_INTR,2,1,0,0,2,0,0.0,1.0,0.0,0.5,0,0,1,0
DPLT_SOUS_CLASSE_BAFI,2,1,0,0,2,0,0.0,1.0,0.0,0.5,0,0,2,0
DPLT_TT_DATE_INTG_FAIT,1,1,0,0,0,1,0.0,0.0,1.0,1.0,0,0,0,0
DPLT_TYPE_CLIENT,3,1,0,0,3,0,0.0,1.0,0.0,0.3333333333333333,0,0,3,0
DPLT_TYPE_CONVENTION,3,1,0,0,3,0,0.0,1.0,0.0,0.3333333333333333,0,0,3,0
DPLT_TYPE_COURRIER_MAD,2,1,0,0,2,0,0.0,1.0,0.0,0.5,0,0,1,0
DPLT_TYPE_DECISION_MAD,2,1,0,0,2,0,0.0,1.0,0.0,0.5,0,0,2,0
DPLT_TYPE_ECHN_CRDT,2,1,0,0,2,0,0.0,1.0,0.0,0.5,0,0,2,0
DPLT_TYPE_EDS,3,1,0,0,3,0,0.0,1.0,0.0,0.3333333333333333,0,0,3,0
DPLT_TYPE_EDS_BO,3,0,0,0,3,0,0.0,1.0,0.0,0.0,0,0,3,0
DPLT_TYPE_EDS_DECS,3,0,0,0,3,0,0.0,1.0,0.0,0.0,0,0,3,0
DPLT_TYPE_EDS_DOMC,3,0,0,0,3,0,0.0,1.0,0.0,0.0,0,0,3,0
DPLT_TYPE_EDS_REJT,3,0,0,0,3,0,0.0,1.0,0.0,0.0,0,0,3,0
DPLT_TYPE_PHASE,2,1,0,0,2,0,0.0,1.0,0.0,0.5,0,0,1,0
DPLT_TYPE_REMB_PALR,2,1,0,0,2,0,0.0,1.0,0.0,0.5,0,0,1,0
DPLT_TYPE_SOUS_CODE_PRDT_PILT,2,1,0,0,2,0,0.0,1.0,0.0,0.5,0,0,2,0
DPLT_TYPE_TAUX_CRDT,2,1,0,0,2,0,0.0,1.0,0.0,0.5,0,0,1,0
DRIS_CDD,33,8,1,26,7,0,0.7878787878787878,0.21212121212121213,0.0,0.24242424242424243,0,0,4,18
DRIS_CODE_STTT_INCD,3,2,0,0,3,0,0.0,1.0,0.0,0.6666666666666666,0,0,2,0
DRIS_CODE_TYPE_INCD,6,2,0,0,4,2,0.0,0.6666666666666666,0.3333333333333333,0.3333333333333333,0,0,4,0
DRIS_EVNM_INCD,31,3,1,0,21,10,0.0,0.6774193548387096,0.3225806451612903,0.0967741935483871,0,1,18,0
DRIS_EVNM_INCD_EXTN,18,3,1,1,12,5,0.05555555555555555,0.6666666666666666,0.2777777777777778,0.16666666666666666,0,1,10,0
DRIS_EVNM_INCD_HIST,13,4,1,1,10,2,0.07692307692307693,0.7692307692307693,0.15384615384615385,0.3076923076923077,0,1,8,0
DRIS_FAITS_CDD,65,5,1,37,20,8,0.5692307692307692,0.3076923076923077,0.12307692307692308,0.07692307692307693,0,0,14,21
DRIS_FAITS_INCD_BALE2,26,4,1,3,20,3,0.11538461538461539,0.7692307692307693,0.11538461538461539,0.15384615384615385,0,0,18,2
DRIS_FAITS_INCD_SOUS_SURV,16,4,1,2,11,3,0.125,0.6875,0.1875,0.25,0,0,10,1
DRIS_INCD_BALE2,12,9,1,3,9,0,0.25,0.75,0.0,0.75,0,0,7,1
DRIS_MOTF_FORB,39,3,1,6,28,5,0.15384615384615385,0.717948717948718,0.1282051282051282,0.07692307692307693,0,0,33,0
DRIS_TYPE_DECV,3,2,0,0,3,0,0.0,1.0,0.0,0.6666666666666666,0,0,1,0
DRIS_TYPE_INFR_DECV,3,2,0,0,3,0,0.0,1.0,0.0,0.6666666666666666,0,0,2,0
DSC_REVS_ANNL,29,4,1,3,16,10,0.10344827586206896,0.5517241379310345,0.3448275862068966,0.13793103448275862,0,0,11,2
DSC_REVS_ANNL_QUOT,30,5,1,3,16,11,0.1,0.5333333333333333,0.36666666666666664,0.16666666666666666,0,0,11,0
ECHR,17,3,1,1,12,4,0.058823529411764705,0.7058823529411765,0.23529411764705882,0.17647058823529413,0,0,8,1
ECRT_COMPT_REST,42,8,1,14,24,4,0.3333333333333333,0.5714285714285714,0.09523809523809523,0.19047619047619047,0,1,26,10
ELGB_PRMT_TOC,7,5,0,3,4,0,0.42857142857142855,0.5714285714285714,0.0,0.7142857142857143,0,0,6,0
ELMT_PRET_IMPC,16,3,1,4,10,2,0.25,0.625,0.125,0.1875,0,0,10,1
ENCR_HEBDO_LVA,12,6,1,1,8,3,0.08333333333333333,0.6666666666666666,0.25,0.5,0,0,7,1
ENCR_TRADE,22,6,1,9,10,3,0.4090909090909091,0.45454545454545453,0.13636363636363635,0.2727272727272727,0,0,13,2
ETAB,31,3,1,1,25,5,0.03225806451612903,0.8064516129032258,0.16129032258064516,0.0967741935483871,0,0,23,0
ETAT_ALRT_DRC,3,2,0,0,3,0,0.0,1.0,0.0,0.6666666666666666,0,0,2,0
ETAT_LEV_ALRT,3,2,0,0,3,0,0.0,1.0,0.0,0.6666666666666666,0,0,2,0
ETP_APPLI_SECF,9,4,0,0,9,0,0.0,1.0,0.0,0.4444444444444444,0,0,8,0
EVNM,18,5,1,2,13,3,0.1111111111111111,0.7222222222222222,0.16666666666666666,0.2777777777777778,0,1,13,0
EVNM_AVR_DETL,13,6,1,2,9,2,0.15384615384615385,0.6923076923076923,0.15384615384615385,0.46153846153846156,0,1,6,0
EVNM_DECL_CONN_CLNT,11,8,1,2,6,3,0.18181818181818182,0.5454545454545454,0.2727272727272727,0.7272727272727273,0,1,6,0
FAML_COMUT_PRST,9,4,0,1,5,3,0.1111111111111111,0.5555555555555556,0.3333333333333333,0.4444444444444444,0,0,4,0
FLUX_NOUV_CLNT,48,6,1,2,36,10,0.041666666666666664,0.75,0.20833333333333334,0.125,0,1,28,0
FRCT_CONT_PORT_IMPY,13,3,1,2,10,1,0.15384615384615385,0.7692307692307693,0.07692307692307693,0.23076923076923078,0,0,9,0
FRCT_ECHN_FRS_POOL,18,12,1,4,12,2,0.2222222222222222,0.6666666666666666,0.1111111111111111,0.6666666666666666,0,0,14,1
FRCT_FLUX_FINN_PARN,16,6,1,3,8,5,0.1875,0.5,0.3125,0.375,0,1,7,1
FRCT_MODL_ECHG_FINN,7,6,1,2,5,0,0.2857142857142857,0.7142857142857143,0.0,0.8571428571428571,0,0,6,0
FRCT_MODL_ECHG_TYPE_MVT,7,5,1,2,5,0,0.2857142857142857,0.7142857142857143,0.0,0.7142857142857143,0,0,6,0
FRCT_MODL_PARN,14,5,1,2,12,0,0.14285714285714285,0.8571428571428571,0.0,0.35714285714285715,0,0,11,0
FRCT_PRDT_ASSO_CADR,9,5,1,0,6,3,0.0,0.6666666666666666,0.3333333333333333,0.5555555555555556,0,0,5,0
FRCT_RATT_PARN_CADR,26,12,1,2,22,2,0.07692307692307693,0.8461538461538461,0.07692307692307693,0.46153846153846156,0,0,22,0
FRCT_REGL_RATT_CADR,5,3,0,0,5,0,0.0,1.0,0.0,0.6,0,0,4,0
FRCT_REPR_MT_FINN,14,6,1,4,9,1,0.2857142857142857,0.6428571428571429,0.07142857142857142,0.42857142857142855,0,0,9,3
FRCT_REPR_MT_FINN_REGR,25,10,1,7,12,6,0.28,0.48,0.24,0.4,0,0,12,4
FRCT_TYPE_FINN,20,6,1,5,14,1,0.25,0.7,0.05,0.3,0,0,14,1
FRCT_TYPE_MVT_FINN,4,2,0,0,4,0,0.0,1.0,0.0,0.5,0,1,3,0
HIST_CONS_ADHS,10,4,1,2,7,1,0.2,0.7,0.1,0.4,0,0,7,0
HIST_DOCM_COLL,8,6,1,4,4,0,0.5,0.5,0.0,0.75,0,0,6,0
HIST_TABL_PARM_TARF,12,4,0,3,9,0,0.25,0.75,0.0,0.3333333333333333,0,0,10,0
INFO_MEMB_CLUB_SOCT,10,4,1,1,6,3,0.1,0.6,0.3,0.4,0,0,5,0
KAML_CAR_CAMP_QUOT,30,3,0,6,23,1,0.2,0.7666666666666667,0.03333333333333333,0.1,0,0,21,2
LEAD_IMMO,77,2,1,22,48,7,0.2857142857142857,0.6233766233766234,0.09090909090909091,0.025974025974025976,0,0,51,7
LEAD_IMMO_QUOT,93,2,1,27,58,8,0.2903225806451613,0.6236559139784946,0.08602150537634409,0.021505376344086023,0,0,62,9
LEA_OPRT_CONT,16,7,1,6,8,2,0.375,0.5,0.125,0.4375,0,0,10,2
LEL,27,5,1,14,10,3,0.5185185185185185,0.37037037037037035,0.1111111111111111,0.18518518518518517,0,0,9,9
LEL_AVR_INTR,10,0,1,3,5,2,0.3,0.5,0.2,0.0,0,0,4,2
LEP,38,5,1,18,17,3,0.47368421052631576,0.4473684210526316,0.07894736842105263,0.13157894736842105,0,0,15,11
LEP_JUST,9,6,1,0,7,2,0.0,0.7777777777777778,0.2222222222222222,0.6666666666666666,0,0,4,0
LGPI_CAMP_PRMT,14,6,0,3,7,4,0.21428571428571427,0.5,0.2857142857142857,0.42857142857142855,0,0,6,2
LGPI_INTR_TX_BONF,11,8,1,4,6,1,0.36363636363636365,0.5454545454545454,0.09090909090909091,0.7272727272727273,0,0,6,3
LGPI_TX_PRMT,11,6,0,3,5,3,0.2727272727272727,0.45454545454545453,0.2727272727272727,0.5454545454545454,0,0,5,0
LGPI_TX_SPCF_CPTE,11,8,0,2,8,1,0.18181818181818182,0.7272727272727273,0.09090909090909091,0.7272727272727273,0,0,7,0
LIEN_CONT_AUTR_TRADE,11,6,0,2,7,2,0.18181818181818182,0.6363636363636364,0.18181818181818182,0.5454545454545454,0,0,8,0
LIEN_TIER_GRPE_BNLX,18,6,1,0,17,1,0.0,0.9444444444444444,0.05555555555555555,0.3333333333333333,0,0,16,0
LIEU_ACTV,31,4,1,5,18,8,0.16129032258064516,0.5806451612903226,0.25806451612903225,0.12903225806451613,0,0,24,0
LIEU_ACTV_CONC_ENTT_TITL,6,6,1,4,2,0,0.6666666666666666,0.3333333333333333,0.0,1.0,0,0,5,0
LOCL_GEOG_QUOT,20,4,1,3,13,4,0.15,0.65,0.2,0.2,0,0,14,0
LVA,31,5,1,16,11,4,0.5161290322580645,0.3548387096774194,0.12903225806451613,0.16129032258064516,0,0,9,10
LVB,43,5,1,26,12,5,0.6046511627906976,0.27906976744186046,0.11627906976744186,0.11627906976744186,0,0,11,20
MIF_CODE_CONT,3,2,0,0,3,0,0.0,1.0,0.0,0.6666666666666666,0,0,2,0
MIF_DONN_CLNT,58,5,1,27,28,3,0.46551724137931033,0.4827586206896552,0.05172413793103448,0.08620689655172414,0,0,27,22
MIF_OBJC_INVS,23,6,1,11,10,2,0.4782608695652174,0.43478260869565216,0.08695652173913043,0.2608695652173913,0,0,11,1
MIF_OBJC_PM,12,4,0,3,8,1,0.25,0.6666666666666666,0.08333333333333333,0.3333333333333333,0,0,7,1
MIF_PARM_CATL_PM,17,4,0,4,10,3,0.23529411764705882,0.5882352941176471,0.17647058823529413,0.23529411764705882,0,0,8,2
MIF_PRDT_CONS,31,8,1,10,19,2,0.3225806451612903,0.6129032258064516,0.06451612903225806,0.25806451612903225,0,0,20,5
MODL_ACCS,63,5,1,26,33,4,0.4126984126984127,0.5238095238095238,0.06349206349206349,0.07936507936507936,0,0,37,17
MODL_ACCS_FRCT_PARN,63,5,1,26,33,4,0.4126984126984127,0.5238095238095238,0.06349206349206349,0.07936507936507936,0,0,37,17
MODL_FRS_POOL_PRCP,16,3,1,3,10,3,0.1875,0.625,0.1875,0.1875,0,0,10,2
MOTF_CONF,13,3,0,0,11,2,0.0,0.8461538461538461,0.15384615384615385,0.23076923076923078,0,0,10,0
MOTF_ELGB_DOSS_MENS_DELT,10,4,1,1,5,4,0.1,0.5,0.4,0.4,0,0,5,0
MOTF_ELGB_DOSS_QUOT,12,5,1,1,5,6,0.08333333333333333,0.4166666666666667,0.5,0.4166666666666667,0,0,5,0
MOTF_INDQ_QCF,6,4,0,0,6,0,0.0,1.0,0.0,0.6666666666666666,0,0,4,0
MOTF_INDQ_QRI,6,4,0,0,6,0,0.0,1.0,0.0,0.6666666666666666,0,0,4,0
MOTF_NON_CONF,8,4,0,0,6,2,0.0,0.75,0.25,0.5,0,0,7,0
MOTF_OUVR,5,2,0,0,3,2,0.0,0.6,0.4,0.4,0,0,4,0
MVT_INVN_COLL,42,11,1,4,34,4,0.09523809523809523,0.8095238095238095,0.09523809523809523,0.2619047619047619,0,1,34,2
NATR_JUST,11,5,0,2,7,2,0.18181818181818182,0.6363636363636364,0.18181818181818182,0.45454545454545453,0,0,7,0
NOTT_EXTN_GRN_BNLX,12,6,1,0,10,2,0.0,0.8333333333333334,0.16666666666666666,0.5,0,0,9,0
NOTT_EXTN_TIER_BNLX,9,6,1,0,7,2,0.0,0.7777777777777778,0.2222222222222222,0.6666666666666666,0,0,6,0
NOTT_INTE_TIER_BNLX,17,5,1,2,13,2,0.11764705882352941,0.7647058823529411,0.11764705882352941,0.29411764705882354,0,0,12,0
OPRT_TARF,53,0,1,20,28,5,0.37735849056603776,0.5283018867924528,0.09433962264150944,0.0,0,0,26,16
OPTIN_CONS_ADHS,9,4,1,1,8,0,0.1111111111111111,0.8888888888888888,0.0,0.4444444444444444,0,0,7,0
OPTIN_MULT_TYPL,4,3,0,0,4,0,0.0,1.0,0.0,0.75,0,0,3,0
OPTM_TRSR,12,3,1,2,7,3,0.16666666666666666,0.5833333333333334,0.25,0.25,0,0,5,2
PARM_CAR_CART,10,4,0,1,6,3,0.1,0.6,0.3,0.4,0,0,6,0
PARM_CODE_CENT_GL,5,3,0,0,4,1,0.0,0.8,0.2,0.6,0,0,3,0
PARM_CODE_DOMN_GL,5,3,0,0,4,1,0.0,0.8,0.2,0.6,0,0,3,0
PARM_COMPAT_PRMT,8,5,0,0,5,3,0.0,0.625,0.375,0.625,0,0,4,0
PARM_CRIT_PRFL_TARF,14,5,0,4,9,1,0.2857142857142857,0.6428571428571429,0.07142857142857142,0.35714285714285715,0,0,12,0
PARM_EDS_CRIT_PRFL,11,3,0,2,9,0,0.18181818181818182,0.8181818181818182,0.0,0.2727272727272727,0,0,10,0
PARM_ELGB_BARM_PRFL,8,5,0,0,5,3,0.0,0.625,0.375,0.625,0,0,4,0
PARM_ENTT_COMPT,10,4,0,0,8,2,0.0,0.8,0.2,0.4,0,0,7,0
PARM_ETP_APPLI,6,4,0,2,4,0,0.3333333333333333,0.6666666666666666,0.0,0.6666666666666666,0,0,3,0
PARM_IDNT_PAS,7,1,0,0,7,0,0.0,1.0,0.0,0.14285714285714285,0,0,7,0
PARM_PRFL_PRMT,8,5,0,0,5,3,0.0,0.625,0.375,0.625,0,0,4,0
PARM_PRIX_BARM_PRST,42,5,0,27,12,3,0.6428571428571429,0.2857142857142857,0.07142857142857142,0.11904761904761904,0,0,11,16
PART,136,2,1,6,93,37,0.04411764705882353,0.6838235294117647,0.27205882352941174,0.014705882352941176,0,0,98,2
PART_AVR_CAPC_JURD,17,4,1,1,10,6,0.058823529411764705,0.5882352941176471,0.35294117647058826,0.23529411764705882,0,0,10,0
PART_AVR_PERD_CHMG,5,3,1,1,2,2,0.2,0.4,0.4,0.6,0,0,2,0
PART_QUOT,87,5,1,21,50,16,0.2413793103448276,0.5747126436781609,0.1839080459770115,0.05747126436781609,0,0,55,0
PART_STTS_RELV_EDI,17,6,1,12,5,0,0.7058823529411765,0.29411764705882354,0.0,0.35294117647058826,0,0,5,0
PAYS_INSEE,14,2,0,1,11,2,0.07142857142857142,0.7857142857142857,0.14285714285714285,0.14285714285714285,0,0,12,0
PERS_AVR_EVNM,10,6,1,2,5,3,0.2,0.5,0.3,0.6,0,1,5,0
PERS_EAI,38,3,1,2,34,2,0.05263157894736842,0.8947368421052632,0.05263157894736842,0.07894736842105263,0,0,34,0
PERS_ENTT_TITL_QUOT,13,9,1,3,8,2,0.23076923076923078,0.6153846153846154,0.15384615384615385,0.6923076923076923,0,0,10,0
PHAS_SECF,8,3,0,0,8,0,0.0,1.0,0.0,0.375,0,0,7,0
PIEC_ERR,25,4,1,4,14,7,0.16,0.56,0.28,0.16,0,0,15,0
PIEC_ERR_DOSS,5,4,0,2,3,0,0.4,0.6,0.0,0.8,0,0,4,0
PILT_INTR,16,6,1,2,12,2,0.125,0.75,0.125,0.375,0,0,10,0
POST_FONC_SUIV_PERS,6,5,1,1,3,2,0.16666666666666666,0.5,0.3333333333333333,0.8333333333333334,0,0,3,0
PROF_AVR_IMMT,8,4,1,2,5,1,0.25,0.625,0.125,0.5,0,0,6,1
PROF_QUOT,60,5,1,16,35,9,0.26666666666666666,0.5833333333333334,0.15,0.08333333333333333,0,0,40,1
QUES_ESG,33,5,1,1,29,3,0.030303030303030304,0.8787878787878788,0.09090909090909091,0.15151515151515152,0,0,29,5
RDWH_APPLI_SECF,4,2,0,0,4,0,0.0,1.0,0.0,0.5,0,0,4,0
RDWH_CODE_BUSN_MODL,3,3,0,0,3,0,0.0,1.0,0.0,1.0,0,0,3,0
RDWH_CODE_CANL_RECL_CONS,2,1,0,0,2,0,0.0,1.0,0.0,0.5,0,0,2,0
RDWH_CODE_CATG_CRNC,3,2,0,0,3,0,0.0,1.0,0.0,0.6666666666666666,0,0,2,0
RDWH_CODE_CLSS_SPPI,4,4,0,0,4,0,0.0,1.0,0.0,1.0,0,0,3,0
RDWH_CODE_COMM_VBANK,3,2,0,0,3,0,0.0,1.0,0.0,0.6666666666666666,0,0,3,0
RDWH_CODE_DEST_VBANK,3,2,0,0,3,0,0.0,1.0,0.0,0.6666666666666666,0,0,3,0
RDWH_CODE_ETAT_GENR,2,1,0,0,2,0,0.0,1.0,0.0,0.5,0,0,2,0
RDWH_CODE_ETAT_GEST_SOUS_TRTN,2,1,0,0,2,0,0.0,1.0,0.0,0.5,0,0,2,0
RDWH_CODE_ETAT_PERS_ENTT,2,1,0,0,2,0,0.0,1.0,0.0,0.5,0,0,2,0
RDWH_CODE_ETP_VBANK,3,2,0,0,3,0,0.0,1.0,0.0,0.6666666666666666,0,0,3,0
RDWH_CODE_FAML_DOSS,3,2,0,0,3,0,0.0,1.0,0.0,0.6666666666666666,0,0,2,0
RDWH_CODE_FORM_JURD,4,1,0,0,4,0,0.0,1.0,0.0,0.25,0,0,4,0
RDWH_CODE_GRPE_FCT_POSTE_FONC,16,6,0,0,10,6,0.0,0.625,0.375,0.375,0,0,6,0
RDWH_CODE_MOTF_ARCH_VBANK,3,2,0,0,3,0,0.0,1.0,0.0,0.6666666666666666,0,0,3,0
RDWH_CODE_MOTF_CLTR,2,1,0,0,2,0,0.0,1.0,0.0,0.5,0,0,2,0
RDWH_CODE_MOTF_NER,6,1,0,0,4,2,0.0,0.6666666666666666,0.3333333333333333,0.16666666666666666,0,0,4,0
RDWH_CODE_NATR_FINN,3,1,0,0,3,0,0.0,1.0,0.0,0.3333333333333333,0,0,3,0
RDWH_CODE_NATR_FINN_VBANK,3,2,0,0,3,0,0.0,1.0,0.0,0.6666666666666666,0,0,3,0
RDWH_CODE_NATR_OPRT_VBANK,3,2,0,0,3,0,0.0,1.0,0.0,0.6666666666666666,0,0,3,0
RDWH_CODE_NATR_POST_BUDG_VBANK,3,2,0,0,3,0,0.0,1.0,0.0,0.6666666666666666,0,0,3,0
RDWH_CODE_NOTT_CONC_VBANK,3,2,0,0,3,0,0.0,1.0,0.0,0.6666666666666666,0,0,3,0
RDWH_CODE_ORIG_COML_VBANK,3,2,0,0,3,0,0.0,1.0,0.0,0.6666666666666666,0,0,3,0
RDWH_CODE_PAIE_GARN_ACHT_VBANK,3,2,0,0,3,0,0.0,1.0,0.0,0.6666666666666666,0,0,3,0
RDWH_CODE_PERDQ,2,1,0,0,2,0,0.0,1.0,0.0,0.5,0,0,2,0
RDWH_CODE_PERS_JURD,2,1,0,0,2,0,0.0,1.0,0.0,0.5,0,0,2,0
RDWH_CODE_PORTF_VARIO,7,2,0,3,4,0,0.42857142857142855,0.5714285714285714,0.0,0.2857142857142857,0,0,4,0
RDWH_CODE_REGM_FISC_VBANK,3,2,0,0,3,0,0.0,1.0,0.0,0.6666666666666666,0,0,3,0
RDWH_CODE_REGM_VENT_VBANK,3,2,0,0,3,0,0.0,1.0,0.0,0.6666666666666666,0,0,3,0
RDWH_CODE_SECT_ACTV_VBANK,3,2,0,0,3,0,0.0,1.0,0.0,0.6666666666666666,0,0,3,0
RDWH_CODE_SECT_GEOG_VBANK,3,2,0,0,3,0,0.0,1.0,0.0,0.6666666666666666,0,0,3,0
RDWH_CODE_SOUS_TYPE_EVNM_VARIO,5,3,0,1,4,0,0.2,0.8,0.0,0.6,0,1,2,0
RDWH_CODE_STTT_SPCF_INTLR,2,1,0,0,2,0,0.0,1.0,0.0,0.5,0,0,2,0
RDWH_CODE_TX_REFR_VBANK,3,2,0,0,3,0,0.0,1.0,0.0,0.6666666666666666,0,0,3,0
RDWH_CODE_TYPE_LOT_VBANK,3,2,0,0,3,0,0.0,1.0,0.0,0.6666666666666666,0,0,3,0
RDWH_CODE_TYPE_OPTIN,2,1,0,0,2,0,0.0,1.0,0.0,0.5,0,0,2,0
RDWH_CODE_TYPE_PRST_SOUS_TRTN,2,1,0,0,2,0,0.0,1.0,0.0,0.5,0,0,2,0
RDWH_CODE_TYPE_ROLE_INTLR,5,3,0,0,5,0,0.0,1.0,0.0,0.6,0,0,5,0
RDWH_CODE_TYPE_SITT_JURD,2,1,0,0,2,0,0.0,1.0,0.0,0.5,0,0,2,0
RDWH_CONS_RGPD_OPTN_QUOT,16,4,1,2,11,3,0.125,0.6875,0.1875,0.25,0,0,12,0
RDWH_CORR_CONT_ALIS_CRDT,19,3,0,0,19,0,0.0,1.0,0.0,0.15789473684210525,0,0,18,0
RDWH_CORR_GARN_ALIS_CRDT,8,2,0,0,8,0,0.0,1.0,0.0,0.25,0,0,7,0
RDWH_CORR_PRDT_ALIS_CRDT,4,3,0,0,4,0,0.0,1.0,0.0,0.75,0,0,3,0
RDWH_CRDT_IFRS,74,3,0,60,12,2,0.8108108108108109,0.16216216216216217,0.02702702702702703,0.04054054054054054,0,0,11,42
RDWH_EDS,26,4,0,4,12,10,0.15384615384615385,0.46153846153846156,0.38461538461538464,0.15384615384615385,0,0,14,2
RDWH_EDS_AGENCE,52,0,0,4,44,4,0.07692307692307693,0.8461538461538461,0.07692307692307693,0.0,0,0,28,2
RDWH_EDS_AGNT_POST_FONC,26,10,0,4,18,4,0.15384615384615385,0.6923076923076923,0.15384615384615385,0.38461538461538464,0,0,14,0
RDWH_EDS_CODE_TYPE,6,2,0,0,6,0,0.0,1.0,0.0,0.3333333333333333,0,0,4,2
RDWH_EDS_GAB,28,2,0,4,24,0,0.14285714285714285,0.8571428571428571,0.0,0.07142857142857142,0,0,14,2
RDWH_EDS_HIERARCHIE,124,4,0,60,64,0,0.4838709677419355,0.5161290322580645,0.0,0.03225806451612903,0,0,62,30
RDWH_EDS_HIER_LIGNE,26,6,0,10,16,0,0.38461538461538464,0.6153846153846154,0.0,0.23076923076923078,0,0,16,4
RDWH_EDS_NIV_ORGN,10,6,0,2,8,0,0.2,0.8,0.0,0.6,0,0,6,2
RDWH_EDS_SLE,22,2,0,10,10,2,0.45454545454545453,0.45454545454545453,0.09090909090909091,0.09090909090909091,0,0,8,2
RDWH_EDS_TYPE_ORGN,6,2,0,0,6,0,0.0,1.0,0.0,0.3333333333333333,0,0,2,0
RDWH_ENQT_CLNT_MODL_QHD,7,6,0,0,7,0,0.0,1.0,0.0,0.8571428571428571,0,0,5,0
RDWH_ENQT_CLNT_QUES_QHD,8,5,0,1,7,0,0.125,0.875,0.0,0.625,0,0,6,0
RDWH_ETP_APPLI_SECF,8,3,0,0,8,0,0.0,1.0,0.0,0.375,0,0,8,0
RDWH_ETQT_DPE,2,1,0,0,2,0,0.0,1.0,0.0,0.5,0,0,2,0
RDWH_GEST_PIEC_CLNT,8,7,0,0,6,2,0.0,0.75,0.25,0.875,0,0,5,0
RDWH_INTR_COMPT_SYNCHRO,11,8,0,0,11,0,0.0,1.0,0.0,0.7272727272727273,0,0,11,0
RDWH_LIEN_INTLR,16,3,1,3,8,5,0.1875,0.5,0.3125,0.1875,0,0,10,1
RDWH_LIST_CLNT_ANNM,11,0,1,2,8,1,0.18181818181818182,0.7272727272727273,0.09090909090909091,0.0,0,0,8,0
RDWH_MEDIA_INTLR,14,5,1,3,10,1,0.21428571428571427,0.7142857142857143,0.07142857142857142,0.35714285714285715,0,0,12,0
RDWH_MODE_CALC_ACCS,2,1,0,0,2,0,0.0,1.0,0.0,0.5,0,0,2,0
RDWH_NATN_REGL,2,1,0,0,2,0,0.0,1.0,0.0,0.5,0,0,2,0
RDWH_OPRT_PRLV_SEPA,62,3,0,4,51,7,0.06451612903225806,0.8225806451612904,0.11290322580645161,0.04838709677419355,0,0,50,4
RDWH_OPRT_VIRT_SEPA,55,4,1,3,47,5,0.05454545454545454,0.8545454545454545,0.09090909090909091,0.07272727272727272,0,0,45,4
RDWH_PARM_ETP_APPLI,5,3,0,2,3,0,0.4,0.6,0.0,0.6,0,0,3,0
RDWH_PARM_GENR,5,4,0,0,5,0,0.0,1.0,0.0,0.8,0,0,5,0
RDWH_PARM_OPRT_ENGG_WAIV,6,4,0,0,4,2,0.0,0.6666666666666666,0.3333333333333333,0.6666666666666666,0,0,4,0
RDWH_PARM_OPRT_SECF,6,4,0,0,4,2,0.0,0.6666666666666666,0.3333333333333333,0.6666666666666666,0,0,4,0
RDWH_PARM_TYPE_PRET_CEGC,4,2,0,0,3,1,0.0,0.75,0.25,0.5,0,0,2,0
RDWH_PARM_TYPL_OBJT_OPRT_FINN,13,4,0,1,12,0,0.07692307692307693,0.9230769230769231,0.0,0.3076923076923077,0,0,13,0
RDWH_PHAS_SECF,7,2,0,0,7,0,0.0,1.0,0.0,0.2857142857142857,0,0,7,0
RDWH_REGL_JEU_ALIS,52,10,0,8,41,3,0.15384615384615385,0.7884615384615384,0.057692307692307696,0.19230769230769232,0,0,31,6
RDWH_REJT_FICB,26,9,1,0,21,5,0.0,0.8076923076923077,0.19230769230769232,0.34615384615384615,0,0,21,0
RDWH_SOUR_DPE,2,1,0,0,2,0,0.0,1.0,0.0,0.5,0,0,2,0
RDWH_STCK_CONS_RGPD_OPTN,15,3,1,2,11,2,0.13333333333333333,0.7333333333333333,0.13333333333333333,0.2,0,0,12,0
RDWH_TYPE_ASSR,4,1,0,0,4,0,0.0,1.0,0.0,0.25,0,0,4,0
RDWH_TYPE_ASST_ACCS,3,1,0,0,3,0,0.0,1.0,0.0,0.3333333333333333,0,0,3,0
RDWH_TYPE_CLSS_IFRS,7,2,0,1,6,0,0.14285714285714285,0.8571428571428571,0.0,0.2857142857142857,0,0,6,0
RECL_AQRL,31,5,1,6,19,6,0.1935483870967742,0.6129032258064516,0.1935483870967742,0.16129032258064516,0,0,19,1
REFR_TX_CEL,5,0,0,2,1,2,0.4,0.2,0.4,0.0,0,0,2,1
REJT_ALLER_BDF_INFE_SEUI,11,8,1,1,10,0,0.09090909090909091,0.9090909090909091,0.0,0.7272727272727273,0,0,7,1
REJT_ALLER_BDF_SUPE_SEUI,11,8,1,1,10,0,0.09090909090909091,0.9090909090909091,0.0,0.7272727272727273,0,0,7,1
REJT_RETR_BDF,11,8,1,1,10,0,0.09090909090909091,0.9090909090909091,0.0,0.7272727272727273,0,0,7,1
REMS_TOC,5,4,0,1,4,0,0.2,0.8,0.0,0.8,0,0,3,0
REPR_MENS_LAF,27,4,1,20,7,0,0.7407407407407407,0.25925925925925924,0.0,0.14814814814814814,0,0,6,3
RGPD_SUPP_PRSP,6,4,1,1,3,2,0.16666666666666666,0.5,0.3333333333333333,0.6666666666666666,0,0,3,0
RPA_REFR_PRDT,8,2,0,1,7,0,0.125,0.875,0.0,0.25,0,0,6,0
SCHM_COMPT_TARF,11,3,0,1,7,3,0.09090909090909091,0.6363636363636364,0.2727272727272727,0.2727272727272727,0,0,7,0
SERV_GRTT,11,5,0,1,7,3,0.09090909090909091,0.6363636363636364,0.2727272727272727,0.45454545454545453,0,0,7,0
SLR,29,5,1,16,10,3,0.5517241379310345,0.3448275862068966,0.10344827586206896,0.1724137931034483,0,0,9,10
SOUS_CLSS_EVT,4,2,0,2,2,0,0.5,0.5,0.0,0.5,0,0,3,0
STCK_CHFF_AFFR_SADS,18,2,1,10,4,4,0.5555555555555556,0.2222222222222222,0.2222222222222222,0.1111111111111111,0,0,6,5
TA_ACCS,20,12,1,8,9,3,0.4,0.45,0.15,0.6,0,0,13,2
TA_ACCS_FRCT_PARN,21,12,1,8,9,4,0.38095238095238093,0.42857142857142855,0.19047619047619047,0.5714285714285714,0,0,13,2
TELEC,19,5,1,3,13,3,0.15789473684210525,0.6842105263157895,0.15789473684210525,0.2631578947368421,0,0,13,0
TIER_BILN_BNLX,17,7,1,4,9,4,0.23529411764705882,0.5294117647058824,0.23529411764705882,0.4117647058823529,0,0,8,2
TIER_BNLX,161,4,1,31,110,20,0.19254658385093168,0.6832298136645962,0.12422360248447205,0.024844720496894408,0,0,112,24
TIER_INDC_CLNT_BNLX,16,5,1,4,9,3,0.25,0.5625,0.1875,0.3125,0,0,8,0
TIER_SEGM_MARC_BNLX,7,5,1,0,6,1,0.0,0.8571428571428571,0.14285714285714285,0.7142857142857143,0,0,5,0
TITR_ALEA_FRCT,29,5,1,12,10,7,0.41379310344827586,0.3448275862068966,0.2413793103448276,0.1724137931034483,0,0,9,10
TITR_APPL_FOND_FRCT,24,7,1,5,13,6,0.20833333333333334,0.5416666666666666,0.25,0.2916666666666667,0,0,14,1
TITR_CADR_FINN,33,4,0,6,22,5,0.18181818181818182,0.6666666666666666,0.15151515151515152,0.12121212121212122,0,0,22,4
TITR_CRE_CPTE_CHRG,18,6,1,4,9,5,0.2222222222222222,0.5,0.2777777777777778,0.3333333333333333,0,0,10,1
TITR_CRE_CPTE_ENCR,47,6,1,32,10,5,0.6808510638297872,0.2127659574468085,0.10638297872340426,0.1276595744680851,0,0,11,29
TITR_CRE_CPTE_ENGG,22,6,1,7,10,5,0.3181818181818182,0.45454545454545453,0.22727272727272727,0.2727272727272727,0,0,11,4
TITR_CRE_CPTE_PRDT,19,6,1,4,10,5,0.21052631578947367,0.5263157894736842,0.2631578947368421,0.3157894736842105,0,0,11,2
TITR_CRE_CPTE_TIER,19,6,1,4,10,5,0.21052631578947367,0.5263157894736842,0.2631578947368421,0.3157894736842105,0,0,11,1
TITR_CRE_CRDT,47,8,1,12,26,9,0.2553191489361702,0.5531914893617021,0.19148936170212766,0.1702127659574468,0,0,27,3
TITR_ECHN_FRCT,27,10,1,12,11,4,0.4444444444444444,0.4074074074074074,0.14814814814814814,0.37037037037037035,0,0,13,7
TITR_ENCR_FRCT,30,6,1,17,10,3,0.5666666666666667,0.3333333333333333,0.1,0.2,0,0,8,13
TITR_FLUX_FINN_IMPY_FRCT,20,6,1,5,11,4,0.25,0.55,0.2,0.3,0,1,11,2
TITR_FRCT_TRTR,73,5,1,34,29,10,0.4657534246575342,0.3972602739726027,0.136986301369863,0.0684931506849315,0,0,29,27
TITR_IMPY_FRCT,29,6,1,12,12,5,0.41379310344827586,0.41379310344827586,0.1724137931034483,0.20689655172413793,0,0,13,8
TITR_OPRT_CESS,24,4,1,2,17,5,0.08333333333333333,0.7083333333333334,0.20833333333333334,0.16666666666666666,0,0,15,1
TITR_RELT_PARN_CAIS,7,3,0,0,7,0,0.0,1.0,0.0,0.42857142857142855,0,0,6,0
TITR_REVR_FRCT,29,14,1,10,13,6,0.3448275862068966,0.4482758620689655,0.20689655172413793,0.4827586206896552,0,0,16,4
TITR_SERV_REPT,16,6,1,9,5,2,0.5625,0.3125,0.125,0.375,0,0,4,9
TITR_SERV_REPT_SUIV_TRT,14,5,1,4,8,2,0.2857142857142857,0.5714285714285714,0.14285714285714285,0.35714285714285715,0,0,7,2
TRT_DOCM,44,10,1,10,34,0,0.22727272727272727,0.7727272727272727,0.0,0.22727272727272727,0,0,34,0
TYPE_ECHR,5,2,0,0,3,2,0.0,0.6,0.4,0.4,1,0,4,0
TYPE_OPRT_TELEC,3,2,0,0,3,0,0.0,1.0,0.0,0.6666666666666666,1,0,2,0
TYPE_PRST_COMUT,13,4,0,1,11,1,0.07692307692307693,0.8461538461538461,0.07692307692307693,0.3076923076923077,1,0,10,1
TYPE_PRST_ETAB,15,5,0,0,12,3,0.0,0.8,0.2,0.3333333333333333,1,0,10,0
TYPE_PRST_MARC,10,5,0,0,9,1,0.0,0.9,0.1,0.5,1,0,7,0
TYPL_ALRT_LAF,3,3,0,0,3,0,0.0,1.0,0.0,1.0,0,0,2,0
VENT_COMPT_TARF,13,4,0,6,5,2,0.46153846153846156,0.38461538461538464,0.15384615384615385,0.3076923076923077,0,0,7,0
